1,Rock
2,Hip-Hop
3,World
4,Latin
5,Unclassifiable
6,Jazz
7,Electronica/Dance
8,Pop
9,Soundtrack
10,Easy Listening
11,R&B
12,Electronic
13,Other
14,Bachata
15,Country
16,Trova
17,Skiffle
18,New Age
19,Reggae
20,Dance
21,MIB
22,Folk
23,Dubstep
24,Soca
25,Alt Country Americana
26,Mathcore
27,Stoner
28,Books & Spoken
29,Vallenato
30,Indie; Indie Pop
31,Techno
32,Suburban Noize Records
33,Comedy
34,Children's Music
35,House
36,Christmas
37,Data & Other
38,Gospel & Religious
39,Acid, Electronica
40,Hardcore
41,Classical
42,Lounge
43,Trance
44,Drum & Bass
46,Nicht klassifizierbar, allg.
47,2k's Alternative Rock
45,Samba
48,Deep Techno
50,gospel
49,Spazz-Core
51,Ambient
52,Rap Français
53,Fusion Jazz
54,Kizomba
55,BSO
56,Schlager
57,Freestyle
58,Visual kei
59,Instrumental
60,Liedermacher
61,Reggaeton
62,Commercial, Club, Dance
63,Wellness
64,Domaca - Rock
65,Stoner Metal
66,Napoletana
67,Indie; Avant Garde; Pop
70,Indie/Punk
68,Flamenco Chill
69,Rock, Alternative/Punk
71,Oi!
73,Bahamian
72,Dark Ambient
74,msng
75,Rock Chileno
76,SPIN
77,Elektro
78,NWOBHM
79,Blues, Country Blues
80,Dark Electro
81,Balkan
82,Bhangra
83,Classic Music
84,MPB
85,Brazilian Dance
86,Pop - Singer Songwriter
87,Greek
88,Gothic/Industrial
89,Latin Cumbia
90,Lo-Fi - Lounge
91,EDeutsch
92,Reggae (F)
93,Australien
94,Charanga
95,Psychedelic Rock - Guitar / Ambient
96,Jumpstyle
97,Street Punk & Oi
98,Timba
99,Noharmnofowl.net
100,Ragga/Reggae/Hip Hop
101,Black Death Metal
102,Balkan Beats
103,Thrash/Death Metal
104,Dance/HINRG
105,Nacional
106,Ethnic, Ambient, Experimental
107,10/07/07
108,Beats/Old School
109,Hip Hop - Deutschland
110,Rock, World
111,Baroque Indie Pop
112,Kompa
113,Old Reggae
114,Chillout/Lounge
115,Cult
116,Italian Folk
117,Rock/Pop/Alt
118,Flamenco
119,Alternative Hip-Hop/Rap
120,J-Alternative
121,Trance; 00s
122,Deep House, Tech House
123,Southern Gospel
124,Black/Thrash
125,No genre info
126,Doo Wop
127,ChristianMusic
128,Jam Band - American Traditional Rock
129,iskelmä
130,Lo-Fi
131,Twee
132,Portuguesa
133,A Cappella
134,bachatas
135,Vals
136,NuYu Punk
137,Hip Hop classic
138,Pop: Singer-Songwriter
139,Norsk Rock
140,Bay Area Shit
141,Artist Pages Filter Nodes
142,SaoCore
143,Modern Electric Blues
144,A ouvir
145,Rock en Castellano
146,Chill
147,Inclasificable
148,Datos y otros
149,Jazz:Lounge
150,Nederlandstallig
151,Uplifting/progressive trance
152,Musiques du monde
153,World-Latin/Reggaeton
154,Country Gospel
155,Streetpunk
156,Pakistani
158,Minimal TechnoTech House Experemental
159,Unplugged
160,Bubblegum Pop
157,Neo Folk
163,Old Skool (Hardcore)
164,70s; Soft Pop; Rock/Pop
165,Latin Rock & Hip-Hop Roots
161,Forró
162,Drum And Bass Albums
166,Tango
167,Jazz Pop
168,Black Metal / Sympho Metal
169,Cajun, Creole & Zydeco
170,digital hardcore,electro,retro futurist,nu electro
171,Juke
172,Metal:Death
173,WOMEN
174,Ethereal Wave / Gothic Neo-Classical
175,Blackened Death Metal
176,HASH(0xa7f227c)
177,Cantautori
178,BRAZILIAN MUSIC
179,Punk De La Vieja Ola
180,Raíces
182,Gospel Reggae
181,Mixtape / Bootleg
183,Petra
184,Old School Club
185,Viking Metal
186,Cumbias
187,Library
189,Brazilian Jazz
188,UK Garage
190,Electronic VA
191,Cowboy/Western
192,Sampler
193,Rap FR.
194,Deutsch Rock
195,Sconosciuto
196,Afro Caribe
197,Pop-Punk/Hardcore
198,Klezmer
199,Latina/Trova
200,Drone/Psych
201,World - Europe
202,Rock/Pop; Europop; Dutch; New Wave
203,Electro/german
204,Vocal Music
205,french punk
206,Tango Fusion
207,ipecac
208,Nederhop
209,TEXTURE
210,Pop/Rock, Country-Rock
213,Breaks,Downtempo
211,Visa
212,Electronica/Chill
214,Church
215,Rock, Dance
217,Country; Americana; Country Pop/Cosmopolitan
216,Rock Latino
218,Zydeco
219,Reggae Sweden
220,Surf & Lounge
221,Hymn
222,Gypsy
223,Dub, House, Techno
224,Electrorock
225,World/Folk
226,Swedish
227,Reggaeton & Hip-Hop
228,1Country
229,Atmospheric
230,German Oldies
231,Grime
232,Indie pop rock
233,General Singles
234,Congo
235,Hip-Hop D
236,Classic FM
237,Afrikaans
238,ugri
239,Deathrock
240,European Rap/Hip-Hop
241,Rock; Progressive Rock; Gothic Rock; Gothic; Darkwave
242,Symphonic Heavy/Power Metal
243,Rumba
244,crust core
245,Zouk French
246,Psych
247,Hardcore (Toughguy)
248,General Country Pop
249,Garage-00's
250,Melodic Death Metal/Metalcore
251,Special
252,Post Electronica
253,HXC
254,NZ Hip Hop
255,Tanzania
256,World/Soundtrack
257,Irish Traditional
258,Christian Folk
259,UK Club Beats
260,Medieval Rock
261,Pop/Reggae
262,North America
263,Dance/Club/Gospel
264,Eastern European
265,Women's
266,Digital Hardcore
267,Francais Contemporary
268,Global
269,R&B, Funk, Soul, Disco, Old School, Pop
270,Breaks/Big Beat
271,World, Algerian
272,zouk
273,Pakistani Qawwali
274,Hip Hop, yo
275,Neo-Prog
276,Infantil
277,hip-hop de
278,House / Deep House
279,Enigmatico
281,Foreign
282,Ska/Rock Steady
280,UK Indie
283,Crust
284,Texas
285,Acid House
286,Psytrance-Singles
287,Mariachi
288,House, Garage House
289,Modern
290,Jazz, Classic
291,Trash Metal
292,Regional Mexicano, Fiestas Patrias
293,Pop Swedish
294,Ghana
295,Classic Bollywood Soundtrack
296,New
297,Goth Métal
299,Grind / Thrash
300,Miami Bass Scene
298,General Unclassifiable
301,Acid
302,France Local
303,Psychedelic Rock, Proto-Prog
304,Deep Electro
305,Jazz ECM
306,Death/Thrash
307,Dance - Trance - Club - House
308,Indie Alternative Pop Rock Power Pop
311,West Coast Underground
309,Valse Musette
310,Doom
312,Pub Rock
313,PopCorn
314,Lounge (Ambient)
315,Mod Revival
316,Mbalakh
317,Afrika mali
318,Minimal Synth
320,P town punk
321,Chill Out
322,Extreme Progressive Metal
319,Rock Adult
323,Club & Party Music
324,Psy / full on
325,Zilipendwa
326,Rock // Alternative // Indie // post-punk // revival
327,Baladas
328,Shastriya Gayaki
329,Scandinavian
330,Dark Metal
332,Dansband
331,iTunes Latino
333,Latin & World Jazz
334,Rock Urbano
335,Franco
336,Spanish Traditional
337,Ragtime
338,129)Hardcore
339,Hustle
340,Tech/House
341,R&B Funk Soul
342,Italian Pop
345,Lounge; Downtempo; Chillout
343,Garage House
344,Contemporary Female
346,Slowcore
347,Rock Heavy
348,Protesta -Chile
349,Pop/Español
350,Christmas/Pop
351,Ballermann
352,Melodic Rock
353,Latin -Banda
354,Latin/Argentine/Punk/Alternative/Rock
355,Rub-a-Dub
356,Hardcore/Gabber
357,third Side Records
358,Podcast
359,General Heavy Metal
360,Jazz-Swing-Latin-Roots-World
361,Jazz A-Z
362,Death/Thrash Metal
363,Wedding
364,Rock::AOR Classic Rock
365,magyarock
366,Oriental
367,Psych Folk
368,Acapella
369,Cabaret
370,Spanish Pop
371,Latin Folk
372,Italy
373,Crust/D-beat/Grind/Powerviolence
374,Independent
376,Psychedelic Pop
375,Melodic Thrash Metal
377,GUNK PUNK!
378,Lo-fi/Lounge
379,Electronica Fusion
380,Español Fiesta & Reggaeton
383,Barbershop
382,Classical: Choral
381,Disco R&B Soul
384,Latin MPB
385,Dubstep/Tech House
386,Portuguese
387,Elecronic
388,Bay Rap
389,Dutch
391,Danish
392,EPIC
390,Christian: Southern Gospel
393,Ballroom Dance
394,Lounge Normal
395,tripop
396,Electro/Dubstep
397,Melodic Power Metal
398,Cameroun Local
399,Ska français
400,Pop - magyar
401,Pop / Disco
402,Pop/Soul/Jazz
403,TN, Memphis
404,Rock; Prog; Avant; Rio
405,Axe
406,䉬慣欠䵥瑡
407,Instrumental / Prog / Rock
408,Espagnol
409,Dreams 1
410,Austria
411,Música Mexicana
412,Hardcore- NY
413,Miscellaneous
414,Anarchopunk
415,Non classificabile generale
416,Neo-Classical
417,Salsa/Merengue
418,Extreme Metal
420,dark
419,Indi Pop
421,Folk italiana
422,Juke Remixes
423,Afrika
424,euro
425,Folk/Acoustic
426,Progressive Death Metal
427,Early Minimalism
428,Philly Soul - Disco
429,Northern European
430,Rock Br
431,Tango Complex
432,Norteñas
433,Latin (Other)
434,Duitse pop
435,Indo 3
436,Techno, Minimal, Tech House
437,Reggae Nacional
438,Immune to the FT
439,Folklore
440,Electronica/Ambient
441,Folk/Melodic Death Metal
442,Deutschpunk
443,Horror Soundtracks
444,Tech/House Minimal
445,2005 UK Chart
446,Doo Wop / Rock N Roll
447,PunkNotProfit
448,Québec Rétro
449,Leftfield & Chill
450,Persian
451,Goregrind
452,JazzRock / Fusion
453,Croatian
454,Norwegian Rock
455,Guinea ( ) (Syliphone)
456,Electro, Minimal, Tech House
457,Wave
458,Comedy/Spoken Word
460,Cold Meat Industry
459,Instrumentals
461,Girl Groups
462,Ye Ye
463,La Vida Locash
464,Indie; Noise
465,Industrial, EBM, Synth
466,Pop, Latino, Adult Contemporary
467,Jazz Rock/Funk
468,Indie Pop/Rock
469,Rock indé
470,Adult Comedy
471,Metal:Grindcore
472,.Jam..Acoustic..
473,Rock; New Wave; Pop Rock; Pop Punk
474,Dance-Rock
475,WCS - Blues
476,126*BPM
477,Christian Hip-Hop/Rap
478,Rap ITA
479,lithuanian
480,Hip Hop Tuga
481,Melodic Death/Thrash Metal
482,Paisley Underground
483,Classic Rock / Folk / Acoustic
484,World::Celtic::Irish Celtic
485,Volksmusik
486,OPM
488,Melodic Hardcore Punk
489,Argentina
487,Italian Alternative
490,Melodic Black Metal
491,Avantgarde/Experimental
492,Islamic
493,M-E
494,Variété
495,Hard Rock, Glam
496,Ranchero
497,Crossover Thrash
498,Vocaal
499,French Pop Traditional
500,Pop/Pop
501,Nacional old
502,Gospel country
503,Suomipop
504,Instrumental Guitar
505,Streetcore
506,Brasil: Humor
507,Sénégal Urban
509,Mali
508,Pop; Italian pop; Oldies
510,Polskie
511,Tango Nouveau
512,Francophone
513,Melodic Hard Rock
514,Freak Folk
515,Eletronic
516,Hip Hip
517,Celtic - Irish Folk
518,Mexicano
519,parang
520,Nederlandse muziek
521,http://electropeople.org/
522,Alabanza & Adoración
525,Ambient / Psy-Ambient / Ethno-Indie
523,Other | www.BreakZ.us
524,LIFTING
526,Progressive House, House, Techno, Tech House
527,Zeuhl
528,Twee Pop
530,Nashville Sound
531,German rock
529,Semba
533,Fitness & Workout
532,alternative / rock / metal
535,Christian/Metalcore
536,Shoegazer
534,Afro-Samba
537,Latina Cubana
538,General Latin
539,nul
540,Diverse
541,afrozouk
542,Neo-Psychedelic
543,Rock/Latin
544,New Acoustic
545,Pagode
547,Memphis Rap
546,Électronique Et Dance
548,Progressive-House,Breaks,Progressive-Trance
549,Paisa
550,Folklore Argentino
551,Otro pop mexicano
553,Neoclassic
554,Electronica // EDM // breakbeat // nu skool
552,Gothic Power Metal
555,Pinoy Alternative
556,Latina España
557,Italian songs
558,Christmas-Country
559,Rhythm And Blues
560,World Spanish
561,Rap italiano
562,Digital Disc MP3
563,SK-CZ
564,DarkPsy
565,Garage-Pop
566,NEW MPB
567,Disco Long
568,World/French
569,Splatter Rock
571,Crunk Core
570,Pop: Latino
572,Folk/Doom/Gothic/EBM
574,New Age/Classical
573,Speed/Thrash
575,Black/Death Metal
576,Musique francophone
577,Brazilian Folk & Traditional
578,Country/Bluegrass Women
579,Industrial, Electro, Synth-pop
580,Rap francés
581,Turkish Music
582,Electro/drum & Bass/dub
583,[Electronica] Electronica
584,( E )
585,Rock - Punk
586,Coplas
587,Folk - UK
588,Svensk Pop
589,90's Punk
590,Suomi Rock
591,Hard trance
592,Straight Edge Punk
593,Experimental, Ambient
594,New Age; Lounge; Chillout; Ambient
595,Reggae; Alternative; Hardcore; Dub; Alternative Metal
596,Abstract Hip-Hop
597,Technical Death Metal
598,Japanese Rock
599,electro, indie rock, art punk
600,nuevo.flamenco, flamenco.billy, world.music
601,Grupero
602,Rock; Symphonic Rock; Album Rock; Art Rock
603,RYM 50
604,US Folk
605,Rock (Ro)
606,Imports
607,Country / Psych
608,Acid Punk
609,Gospel - Female
610,World Fusion / Dub
611,Punk Argentino
612,Indie Rock/Soft Rock
613,Gaita
614,Rock/Blues/Pop
617,Calypso
615,Americana - Rock - Alternative
616,Novelty Ragtime
619,Jul
620,Pop/Latin
618,Rap Og Hip-Hop
621,Crust Punk
622,Funk Soul
623,Blues Rock / Country Rock
624,Traditional Bluegrass
625,Electronica Experimental
626,Crossover Prog
627,Alternate Country
628,Reggae/Dub/Ska/Dancehall
629,Dance Oldskool
630,Techno House Ambient IDM
631,Morr
632,Physical Rock
633,En Francais
634,Rock Español
635,Scores / Soundtracks
636,Pop Italiana
637,Gypsy Jazz
638,Death/Grind
639,Dance / Disco / Pop / Techno / Trance / R&B / Soul
640,Rock German
641,U.K. Grime/Rap
642,Folk Contemporary
643,Samples
644,Hip Hop/Rap 2
645,Other Traditions
646,130*BPM
647,Snowboarding
648,This Song Is A Mess But So Am I + Xiu Xiu + Zola Jesus
649,electro dance
650,MPB/Brazilian Pop
651,Deep Dubstep
652,IDM, Leftfield Ambient
653,Soukous
654,Emo / Screamo / Post-Hardcore
655,Norteqo
656,Honky-Tonk
657,Punk [2nd Wave] [1979-1987]
658,Nuevo Flamenco
659,Symphonic Black Metal
660,Punk/HC/Industrial
661,Swing: Doo Wop
662,Beats, Electronic
663,Gospel and religious
664,Svensk
665,Electro Acoustic
666,Sludge/Doom
667,Symphonic Prog
668,Traditional Acoustic Blues
669,135*BPM
670,HardNRG
671,Finnish Metal
672,Domaci Rock
673,Black n' Roll
674,Fetenhits
676,New Age / Pop
677,Band, Symphonic
675,Pakistani Sufi
678,Suomi
681,Futurepop
679,Breakbeat Breaks House
680,Folk & Blues
682,Show Tunes And Soundtracks
683,Jovem Guarda
684,Hardcore Underground Rap/Hip Hop/Horrorcore/Rock
685,French / Pop
686,Latino, Bossa Nova, Tango
687,Blues Punk
689,vlaamse muziek
690,Pagan Metal
688,Ghettotech
691,SoulRandBFunk
692,France Hip Hop/Rap
693,Chiptune
694,Industrial/EBM
695,Old Timey
696,Third Wave Ska Revival
697,Portuguese Pop
698,Latin Metal
699,Booty
700,Soca Parang
701,Doomjazz
702,Death'n'Roll
703,Remixes
704,Cantautori Italiani
705,POP/EASY LISTENING
706,World-Congo
707,Electronica - minimal
708,House / Trance
709,PoLisH Acid Jazz
710,Labrador
711,Swing - Gentle
713,Cajun
712,World-Arabic/Douceur
714,Qawwali
715,Algerian
716,Hip Hop Svensk
717,Reggae (D)
718,German Pop
719,General Traditional US Folk
720,CRIMINAL MUSIC
721,Island
722,Moog
723,Gothic/Horror/Punk
724,Goth/Gothic Rock/Batcave
725,Walking
726,Punk Dance
727,Tributes
728,Sextronic
729,Schlager/Klassiker
730,General Metal
731,Bay Area
732,Domaće
733,--ELECTRONIC-DEEP PROGRESSIVE HOUSE/HARD GROOVE
734,Διάφορα
735,Other Holiday
736,Group Kick: Muay Thai 1
737,Rock | Pop Rock
738,Synth Rock
739,Rap franco
740,Country Blues
741,Noisy Pop
742,Show Music: Studio Cast
743,Ska/Latino
744,(Pending)
745,Alt/Rock T-#
746,Carranga
747,canadian Punk
748,Nu Folk
749,Electronic, ambient, beated,
750,Pop; Cabaret
751,Rock/Grunge
752,General Industrial
753,Vocal House
754,Strings
755,Bachatarengue
756,Techno/Electronic
757,Electronic Dub
758,0 Blues
759,Rock'n Pop
760,All Reviewable Albums
761,jap hop
762,Metal:Thrash
763,Jazz - Violin
764,Needs Genre
765,Electronic/Breakbeat
766,Varios
767,Cold Wave
768,electro minimal techno
769,Disco/Nu Disco/Re-Edits
770,Art Punk
771,Bayerisch
772,New Orleans
773,Mexican Rap And R&B
774,Classica
775,Electro kraut rock
776,ROMANTICAS
777,Country::Cajun, Creole & Zydeco
778,Garage Punk
779,Hit Singles
780,Avant-Prog
781,Musique francaise
782,Blues Boogie Rock
783,Synthpop~New Beat~80's
784,nenc
785,Esp
786,deutsches liedgut
787,Radio Show
788,Baladas and Boleros
789,Chacha/salsa
790,Chans. Française
791,Vocal Trance/00's
792,Lasten
793,Power/Heavy Metal
794,50s Pop
795,Bakersfield Sound
796,Scène Française
797,Rumbas
798,Hard Rock, Glam Metal
799,Tango Moderate
800,French / Rock
801,Hip-Hop Commerciale
802,Portugal World
803,Techno - Musiques électroniques
804,French Alternative
805,Alternative German
806,R&B-Jump/Swing
807,Indian Classical
808,Ambient/Electronic/Jazz
809,*Need to Filter*
810,Vinylmorpher
811,indie/Pennsylvania
812,Mexicanas
813,Meditation Vocal
814,World, Dance
815,International Reggae
818,Musica Portuguesa
819,World-Peru
816,Latin Psych Rock
817,Indus
820,Kategorien
821,J-Dancehall
822,Heavy Rock/Metal
823,Hip-Hop - Foreign
824,Contempoary Jazz; Jazz; Smooth Jazz; Nu Jazz; Lounge; Chillout
825,New Orleans - R&B
826,Martial
827,AOR
828,Stones Throw
829,soul/smooth-soul
830,Blues/Boogie/Groove/Funk
831,R'N'B US
832,Celtic & Folk
833,(EDM) Electronica
834,Broken
835,Comedy Musical
836,Viking/Folk Metal
837,Rock Brasil
838,World - Brazilian 1
839,General Hip-Hop/Rap
840,Popcorn Oldies
841,Celtic Parade
842,CD - yu -nostalgija 2
843,Rock SK
844,folk/dutch
845,Gothic Industrial
846,Merseybeat
847,RPM Top 40
848,Yoga Grooves
849,Halloween/Swing
850,Romántica
851,English Punk
852,World & Classic Pop
853,Hard Dance
854,Rock & Roll [First Wave] [1951-1959]
855,Soul Funk
856,Funk/Lounge Soundtrack
857,Türkrock
858,Rock/Indie/Electro
859,Outras
860,Jug Band
861,Regional Mexicano, Adult Contemporary, World
862,CH Hip Hop
863,Hip Hop GER
864,General Traditional Folk
865,RnB - Black - HipHop - Reggae
866,Hip-Hop German
867,Ethnic - World - Oriental
868,ROCK/INDIE/00's
869,Cantautor
870,WAGS
871,Funk/Pop/Rock/Soul
873,Colombia
872,Avant-Garde Metal
874,General Mexican Traditional
875,Wüste
876,Gnawa
877,House/Tech Deep/old
878,Italiani
879,Funk-Blues
880,melodic hardcore
881,Rock / electro
882,Electronic Music
883,Pop House
884,CD Single
885,Dreamy Noise-Pop
886,Ïîï
887,Jazz lírico
888,Experimental/Psych/Improv
889,Hard - Rock/Prog/Psych
890,It
891,Funk Hip Hop
892,Live Concerts
893,Français Rock
894,Psy; Progressive
895,Danzon
896,Kabarett
897,Kinderlieder
898,Electro-World/Groove-Fast Beat
899,Catwalk 4
900,dance and trance
902,Eastern
901,Guitar Virtuoso
903,Garage/Blues
904,New Beat
905,Pop para adolescentes
906,Reggae gospel
907,Electronica / Electro / Glitch
908,Mexicana
909,Reggae; Dancehall; Roots Reggae
910,World Indie
911,Classic Rock; Rock; Hard Rock; 70s; Progressive Rock
912,Middle East/Northern Africa
913,General Children's Music
914,Hard Rock, Glam/Sleaze
915,Deep Tech House
916,Traditional - Female
917,Pacific
918,Epic/Viking/Folk Metal
919,xx
920,Deep Soul
921,En vivo
922,Abstract Experimental IDM
923,Afro-Cuban
924,Hip Hop/Rap - NYC Style
925,Jazz, Spanish
926,NuYu Punk Rock
927,Definite Sample
928,Mash Up
929,More
930,H.P.F.
931,Teen Pop R&R
932,Greek New Wave
933,Space age pop
934,Rock argentino
935,Dance and DJ
936,Electro-Industrial
937,Latin/Tango
938,Fuckin Rock Baby
939,Folk-tronica rock
940,General Progressive Metal
941,pop ballad
942,Africa Guinée
943,Future Jazz
944,Vario
945,Crooners French/Oldies
946,CH-Rock
947,Broadway/Show
948,Death Thrash Metal
949,Movies and TV
950,D@N©E
951,Latino - Flamenco - Raices
952,Psych Rock
953,Greek Folk
954,World::Flamenco
955,1920s Jazz
956,Blues Louisiana
957,Ragga-Dance Hall
958,Deep House, Breaks, Future Jazz, Downtempo
959,Mood
960,popular music
961,Jump
962,Pop Mix
963,Yu Progressive Rock
964,IDM, Ambient
965,Gabber
966,Burkina Faso
967,Hindi Pop
968,Hip Hop/Rap > General Rap
969,Visual Rock
970,Nightcore
971,Dance @ Funboss.nl.tt
972,Symphoinc Metal
973,Hardcore Tech
975,Dance/Trance/Techno
974,Ragtime & Popular Hits 1900-1931
976,Prog Folk, Heavy Psychedelic Rock
977,Outsider
978,New Wave of British Heavy Metal
979,Chill/Lounge/Ambient
980,Garage/Instro
981,Acustico
982,Balada/Pop
983,Guitar Dreamrock
984,Folk Svensk
985,General Hard Rock
986,Melodic Death Doom
987,Minimalist
988,Gospel et chrétien
989,Pop/Rock Nacional
990,Primus
991,House/Deep
992,French Hip Hop
993,English hip hop
994,Reggae-Rock
995,Progessive Rock
996,Militant Rap
997,Rocksteady
998,Bubblegum
999,Pop/Blues
1000,Jump Blues / Swing
1001,House Soulful
1002,Québécois
1003,Math Rock
1004,Italo
1005,Grandes Bandas
1006,Space
1008,Hip Hop Espa
1007,Chirstmas Songs
1009,Classical: Organ
1010,<Nicht zugeordnet>
1011,Soul/Disco
1012,Pop/Rap
1013,Ambient Chill
1014,Other Mexican Pop
1015,Tribal Fusion
1016,Yu Novi val
1017,Meditative & Space
1018,Aggrotech
1019,CCM - Screamo
1020,Ratpack
1021,New Rock
1022,italian Slow
1023,Electro/breaks
1025,Son
1024,6 Degrees
1026,Czech
1027,POP Flamenko
1028,Christmas Vallenato
1029,Atlantic Soul
1030,Techno/Chill
1031,Jazz Old
1032,Italia
1033,Psychedelia
1034,Early Latin Jazz
1035,World/Funk
1036,Post Black Metal
1038,Malta
1037,Piano Pop
1039,Nueva trova
1040,Blues/Zydeco
1041,Regionalista
1042,Indonesia
1043,Soundtracks / Library / Spoken Word
1044,Bay Area Rap
1045,Post-grunge/ Alternative rock
1046,Rap, R&B, Soul
1047,Éclectique
1048,C.1 Electronic Chill
1049,Rap/West Coast
1050,New Folk
1051,Electro-Medieval
1052,General Dance
1053,Old-School Breaks
1054,Alternative Rock/Pop
1055,Latinas
1057,Electronic|Techno
1056,Metalcore- Progressive
1058,Live Music
1059,Flamenco Pop
1060,Folk - Irish
1061,Zef
1062,Mathcore / Noise
1063,Rap Espanol
1064,Proto Metal
1065,Suomirock 90's
1066,Jazz Big Band
1067,Exotica
1068,Caribbean
1069,jazz/bossa nova
1070,Jazz; Instrumental; Easy Listening
1071,Mento
1072,Progressive Trance/00's
1073,Soul, R&B, Funk, Soul-pop, Jazz-pop
1074,Cow Punk
1075,Cryonica Music
1076,Show Music: Original Broadway Cast
1077,Gospel Jazz
1078,Trova Cubana
1079,Folk/Bluegrass/Blues/Country-ish Type Things
1080,Reggae/folk/jazz
1081,Horror Punk
1082,After Hours House
1083,Guinean Popular
1084,GAMMAL MUSIK 4
1085,Detroit Techno
1086,Sacra-Español
1087,Western Swing
1088,Electronica Trip hop
1089,Electronica; Electro/Pop; Microhouse; Techno; Downtempo
1090,Cristiana
1091,Psy/goa
1092,Rock/Pop/Folk
1093,Daytrotter
1094,Low Bit Rate
1095,Experimental Metal
1096,Emo Violence
1097,Oldskool R&B
1098,Western Swing & Country Boogie
1099,Electronic-Chill Out/Up Beat & Deeper
1100,Crunk
1101,Elafra
1102,SON CUBANO
1103,UK Funky
1104,Remix
1105,Electro-Rock/Synth-Pop
1106,Old School Hardcore
1108,Laptop-Folk
1107,Punk hardcore
1109,Pimba
1110,Japan Psychedelia
1111,House Electronica
1112,Early
1115,Pós-Grunge
1113,CD Album
1114,espanolada
1116,Lebanese
1117,Pop Italiano
1118,Electro/Pop
1119,EBM/Goth
1120,GAITAS
1121,Stoner Doom
1122,Axé-Music
1123,Musical/Showtunes
1124,No-Wave
1125,Grupo, Tejano
1126,Data
1127,Golden Era Hip-Hop/Rap
1128,Punk Italiano
1129,Rock/Alternative/Live
1130,Gospel Bluegrass
1131,Philipino Music
1132,Southern African
1133,World, Columbia
1134,Old school/Electro-hop
1135,Military
1136,Orchestral Pop
1137,Industrial Metal, Industrial Blackmetal, Metal, Progressive Metal
1138,Industrial - Fetish
1139,Sub-noize
1140,Guitar; Jazz
1141,3STR
1142,Theme Time Radio
1143,TOTZ
1144,Nouvelle scène française
1145,Christmas Cumbia
1146,Hip Hop/Rap (Today's)
1147,DeeJay
1148,Blues; Acoustic; Swing
1149,World - Latin
1151,World/Brazil/Bossanova
1150,Synth Pop 80s
1152,Sami
1153,Minimalism
1154,Deep House,Soulful House
1155,Cabaret - German
1156,Nuevo Wavo
1157,Classical/Contemporary
1158,World Jazz
1159,US Punk
1160,Minimal TechnoTech HouseElectro
1161,Gospel/Inspirational
1162,Rock Français
1163,Hip-Hop en España
1164,Blues [Modern Electric]
1165,Acid Rap
1166,illbient
1167,Chritmas
1168,Folk Metal\\Medievil
1169,Italo Pop
1170,Italiane
1171,OPM\\Love Songs
1172,World-Brasilian/Bahia Soft Beat
1173,suomidance
1174,Musique pour enfants
1175,Gesprochene Inhalte
1176,Corridos
1177,Americana Britpop
1178,Norwegian
1179,high school
1180,SABU RECORDS!
1182,Ελληνικό Rock
1181,Rai
1183,Hip-Hop Electro
1184,Weihnachten
1185,Thug rap
1186,Electro Tango
1187,Hip-Hop SK-CZ
1188,Easy Listening/Soundtrack
1189,Other Classic Pop Vocals
1190,Latin - Brazilian
1191,Country; Rockabilly
1192,Alternative metal/ Nu metal
1193,Deep
1194,Grupera
1195,Bebop & Modern Jazz
1196,Rap e Hip-Hop
1198,Christian HardCore
1197,Folk - Europe
1199,Electro Synth Pop
1200,Vocal Booster
1201,Indie/Pop/Rock
1202,Nova MPB
1203,Gospel - Contemporary
1204,Rap, Bricksquad
1205,Freestyle Albums
1206,Psytrance; Psychedelic; Goa Trance
1207,Jazz instrumental
1208,World Latin Flamenco
1209,R&B/Northern Soul
1210,Viejas espanol
1211,Blues Vocals
1212,NuYu Indie
1213,Chicago Blues
1214,Raggae / Dub
1215,Bass Reducer
1216,Hebrew
1217,regional
1218,Latin Folk & Traditional
1219,Gay
1220,Blues; Rockabilly; Rock And Roll; Psychobilly
1221,Celtic Punk
1222,Nintendocore
1223,masshyperbole.blogspot.com
1224,Inconnu
1225,Ethiopia
1226,Pop Funk
1227,Rumba Cubana
1228,Girl Group
1229,Baladas-Boleros
1231,Bassline
1230,Luxnivy
1232,Garage-60's
1233,R&P Argentino
1234,Deathcore/Grindcore
1235,Finnhits
1236,Folk andino
1237,Folk; Pop; Quebecois
1238,Blues: Contemporary
1239,Classical (Renaissance)
1240,60-70's
1241,Groove Salad
1242,Indie Electro Rock
1243,Classical, Electronic
1244,Punk [3rd Wave] [1987-]
1245,Hindi Film Pop
1246,Classic Swing
1247,NDW/Electo/Avantgarde
1248,Biguine
1249,Armenian
1250,Krautrock, Psychedlic Rock, Progressive Rock
1251,Pop Latino, Adult Contemporary, 80s,
1252,Classic music: andré rieu
1253,Christian R&B
1254,Acid-Blues
1255,Leftfield
1256,Brutal Death Metal
1257,Mole Listening Pearls
1258,Suburban Noize
1259,Cuba
1260,Country Oldies
1261,Hip-Hop/rap tuga
1262,Early Pop
1263,Dance - House [Deep]
1264,Poezja piewana
1265,Electronic-Break Beat With A Soft Beat
1266,Broken beat
1267,10/14/07
1268,Kwanzaa
1269,Ciganyzene
1270,Berlinette
1271,Avant-rock
1272,Easy Listening Oldies
1273,Houston Rap
1275,Blues & Rhythm'n'Blues [2829]
1274,Electro/rock/folk
1276,OPM Soft
1277,Baile Funk
1278,Standard Latin
1279,3Arabia.com
1280,Pop/ro
1281,Psychedelic noise
1282,Scumfuc
1283,Elektronica & Dance
1284,Bandas Sonoras En General
1285,Jazz; Lounge; Jazz Fusion; Progressive; Funk
1286,Pop::Dream Pop
1287,International - Eastern Europe
1288,Techno, Minimal, Acid
1289,Pop En Español
1290,World - Venezuelan
1291,Soul & Deep  House
1292,Electronic, Dubstep, House, Grime
1293,New Flamenco
1294,Latin Heavy Metal
1295,Rock; Stoner Rock
1296,Pet Rock
1297,Favourite Electronic/Dance
1298,Gitane Jazz
1299,Qawali/Sufi
1300,Finland
1301,Jazz - Vocal - Slow Blues
1302,Psy/Dark
1303,Neoclassical/Power Metal
1304,Napoli
1305,Elektropunk
1306,Indierock, Pop, Electro
1307,Rock Oldies
1308,Puerto Rican Salsa
1309,Italiano cocktail
1310,Prog, sinfónico, pop, gay
1311,Contemporary Era
1312,Humppa
1313,Malay
1314,Arabic lounge, Downtempo
1315,Latin / Caribbean / Flamenco
1316,Rock Expérimental
1317,Beats/Groove
1318,Flamenco/Gypsy
1319,華語組合
1320,World - Africa
1321,Rap et Hip Hop
1322,Italian Rock
1323,Electronica/Drum and Bass
1324,Www.anarchopunk.net
1325,Jewish
1327,Dance / Electronic / House
1328,Pop/Grime
1326,hip-hop / south
1329,Bitpop
1330,Deutsch Pop
1331,Holiday, Christmas, DJ Only
1332,Norsk
1333,stuntrock
1334,Latina Vallenatos
1335,Suomi-iskelmä
1336,Zoth Ommog
1337,ellinika
1338,Country/Rock/Pop
1339,US Hip Hop
1340,Greek Rock
1341,Experimental Pop
1342,Other Latin Traditional
1343,Pop francophone
1344,Electronic/Funk \\ Soul
1345,Contemporary Blues
1346,Punk + Metal
1347,Death/Melodic Metal
1348,Rock (inc Metal)
1349,Hip-Pop
1350,Reggae Punk
1352,Free Jazz
1351,Folk, World, & Country
1353,Nederlandstalige Muziek
1354,Hard rock/ Heavy metal
1355,Turkish Pop
1357,Full On
1358,Dance, Dubstep
1359,Progressive House/00's
1356,Folk, Indie, Pop
1360,Celtic Harp
1361,Instrumantal
1362,Ambient Dub
1363,Rich O'Toole
1364,PoLisH Rock
1365,Christmas CCM
1366,Rock Ethnic
1367,Cumbia Colombiana
1368,Pop/Punk
1369,Pop Alternative
1370,Vlaamse schlagers
1371,EEspanol
1372,Poetry
1373,Proto-Prog
1374,Zydeco-D
1375,Hard Rock/Aor
1376,Pop; Disco; Shoegaze
1377,Ingles
1378,Folk Rock; Progressive Rock; Gospel; Easy Listening
1379,WLatin American
1380,Celtic Traditional
1381,Jazz accordion
1382,South American Traditions
1383,World Italy
1384,Nature
1385,Irish Punk
1386,Celtic - Irish
1387,Finnpop
1388,Japan Rock
1389,Beach Music
1390,Post-hardcore / Experimental
1391,Stage and screen
1392,MCA
1393,DJ KidHack
1394,Cançó
1395,Melodic Black/Folk Metal
1396,Hed kandi
1397,House Deep
1398,House sang
1399,Catholic / Christian
1400,Electro/ambient/german
1401,Finnish Power Metal
1402,Alternative/Electronic
1403,Hellenic
1404,Day By Day Ent.
1405,ChillOut, ChillHouse, DownBeat, Lounge,DownTempo
1406,Mix
1407,Jazz (Gipsy)
1408,Shouts: Stops & Starts
1409,Fuzz-Folk
1410,Rave
1411,Son/Charanga
1412,Banda & Tambora
1413,Folk, Easy Listening
1414,Latin Brazil
1415,Celtic Alternative
1417,Rock Uruguayo
1416,Jazz Electronica
1418,Jazz/Latin
1419,J Punk
1420,(EDM) Electro House/Indie
1421,Free Tap Music
1422,Brésilien
1423,Fuk
1424,Italiano
1425,Latin/Vallenato
1426,YU-ROCK
1427,Progressive House, Techno, Progressive Trance, Ambient
1428,Nederpop
1429,Rap-Louisiana
1430,Electronic/Nu Disco/KrautRock/Space
1432,Hard 'n Heavy
1431,Iberian
1433,Techno_electronic_acid
1434,Kinderliedjes
1435,Jazz Contemp
1436,Música ligeira
1437,Yule
1438,xxx
1439,Groove Metal
1440,Noël
1441,Movie Musical
1442,Easy-Listening, Pop, Vocal
1443,CCM Acapella
1444,Psy/Goa Trance
1445,Tejana
1446,Alt Country Rock
1447,British punk
1448,Skit
1449,Old Time
1450,Downtempo/jazzy-latin-lounge
1451,Trip Hop Chill
1452,Best Portuguese Rock
1453,Soundtrack (non IPOD)
1454,Easy Listening-NS
1455,Acid Country
1456,90's Pop, POP
1457,Folk/Pagan Metal
1458,Acapellas House
1459,Jazz Vocal Piano
1460,1 Techno
1461,House, Deep House, Ambient
1462,retro-spacepad
1463,Croatian Rock
1464,Rare Groove
1465,Neo-Prog, Progressive Rock
1466,Old Time Country
1467,General Latin Hip-Hop/Rap
1468,Banda sonora
1469,Lingala
1470,Pop/clasico
1471,Chicano Rap
1472,Rap, Hip Hop français
1473,Psy
1474,Celtic Punk [2nd Wave] [1993-]
1475,Contemporary Celtic
1476,Pop Rock en Espanol
1477,South American
1478,Cindys new wave, 80s
1479,Sweden
1480,CCC *
1481,Tribal House
1482,Funky Techno
1483,Mandopop
1484,French Rock
1485,NZ Indie
1486,Christian Punk
1487,Español Balada
1488,Rock/Surf
1489,5: World
1490,EDM/Drum & Bass
1491,Chill Out, Drum & Bass, Ambient, Trip-hop
1492,canto popular
1493,DD Music
1494,Brazillian
1495,Boogierock
1496,Electro/Industrial
1497,Otro pop
1498,Breakbeat, Downtempo, House
1499,GRock
1500,Foreign - Hip-Hop
1501,Cosmic House
1503,R&B/Funk/Jazz/Soul
1502,Speech
1504,Español Pop
1505,Mexican Electrónica
1506,Bal & Easy L
1507,Rock Estatal
1508,Deathcore / Death Metal
1509,Crime Jazz
1510,Bass Dubstep
1511,afroamerika
1512,[Electronica] Euro
1513,Annat
1514,Son Jarocho
1515,Twoubadou
1516,Lounge; Trip Hop; Downtempo; Chillout
1517,Bmore
1518,Carrilera
1519,Melodic Symphonic Metal
1520,Swede
1521,Punk ricain
1522,Electro/Hip-Hop
1523,R&B/Disco
1524,2sort
1525,Post-metal
1526,Extended 80's
1527,Metal:Doom
1528,Female vocalists
1529,Swing Classic
1530,Colombiana
1531,Retro Rock
1532,House / Minimal Techno
1533,Post Hardcore/Rock
1534,Slow Deep
1535,House, Classic House
1536,Experimental/Contemporary Classical
1537,Troba/Bar
1538,Alternative/Experimental
1539,Chill Lounge
1540,Otros
1541,Folk - Andean
1542,Alternatief
1543,Hip-Hop | Rap | R&B
1544,OPM/Alternative
1545,The Golden Age of Cumbia
1546,Pop Rock Oldies
1547,Sympho
1548,NDW
1549,Schlager JHM
1550,France R&B/Soul
1551,Anticon
1553,Afro- Arabic
1552,Cabaret Music
1554,Coletânea
1555,Noise / Drone / Experimental
1559,Christian Noise
1556,Electonica
1557,House, Deep House, Minimal
1560,Rock/Hardcore
1558,Jazz: New Age
1561,Progressive Psy Trance
1562,Mood Music
1563,Jazz Sax
1564,Baby
1565,Coladera
1566,Prog-Space
1567,Greek Pop
1568,Psy/Twilight
1569,Psych-Pop
1570,Riot Grrls
1571,JOE DOLAN
1572,Downtempo Pop
1573,Dancehall Caribbean
1574,Neo Mollow
1575,Sufi
1576,Electronica/Dance; House; Techno House
1577,50's & 60's
1578,NuYu Rock
1579,Nacionalpop
1580,Gospel R&B
1581,Conscious hip hop
1582,Rockabilly Revival
1583,Massage Music
1584,Ladino
1585,Krautrock, Jazz-Rock
1586,Rap ALEMAN
1587,Stage Musical
1588,Hard Americana
1589,Folclore
1590,BEATS AND LOOPS
1591,Deep House, Tech House, Minimal
1592,British 60's Beat Psych Mod Freakbeat
1593,Death Metal/Grind
1594,Pop/Rock/Other
1595,Franse Pop
1596,Harsh EBM
1597,D Hip Hop
1598,Celtic Orchestral
1599,Local
1600,Cajun/Zydeco
1601,Ols Rock
1602,Soul/Rock/Pop oldies
1603,Marcing Band
1604,<A>  Dance  <A>
1605,Nu skool breaks
1606,TECHNO, TRANCE & HOUSE
1607,House - Metro
1608,Motswako
1609,Folk; Acoustic; Swing
1610,Lok Sangeet Gayaki
1611,Post Disco/R&B
1612,MMs playlist
1613,Psychedelic Rock / Garage Rock
1614,Hillbilly Butt F*ck
1615,Divers
1616,Sympho black metal
1617,Igbo Highlife
1618,Dance House Trance Electronic
1619,Kuduro Progressivo
1620,Jazz - Vocalists
1621,Svenskt
1622,118 BPM
1623,Broken Beat, Future Jazz, Deep House
1624,Oldie
1625,Krocha
1626,Boleros
1627,East Coast Rap/Hip-Hop
1628,Electronica; Electro; Idm
1629,HOME LISTENING  MODERN CLASSICAL  AMBIENT
1630,Steel Band
1631,Dancecore - Hands Up
1632,World - Celtic
1633,Conceit
1634,Metal Rock
1635,Ambiente
1636,Nerdcore
1637,50s Rock
1638,Pop/Rock 2000's
1639,Anone
1640,X-Mix Dance
1641,Emotronic
1642,Rawk 'n' Roll
1643,House/Tech Up/old
1644,Dance/Soul/Funk
1645,German Neu Welle
1646,Piano - Smooth Jazz
1647,Clubfavorite
1649,NuYu Experimental
1648,grind
1650,Alternative Metal/ Hard Rock
1651,Underground Hip-Hop Instrumentals
1652,Melodic Doom // Death Metal
1653,Pop Indie
1654,Oddio
1655,Blues Pop
1656,Country/Bluegrass/Soundtrack
1657,Glitchop
1658,Vocal Trance / Hardcore Techno
1659,RocK/Pop En Espanol
1660,bailable
1661,Soul/R&B::Contemporary R&B
1662,Canadian Rap
1663,R&B 45-57
1664,Electronic Alternative
1665,Show Related: Musical Song Collection
1666,80's Dance/Remix/Progressive House
1667,American Trad Rock
1668,Elliott Smith
1669,119*BPM
1670,Funk/Breaks/Reggae/Electronic
1671,Hip-Hop/Soul/Alt. Electro
1672,lounge - exotica
1673,NuYu Synthpop Soundtrack
1674,Jamaica
1675,Ambient, Organic Ambient
1676,Electro Punk
1677,1990s Soft Rock
1678,Reggae Classics
1679,Sleaze
1680,Hardcore/Dance
1681,ECM
1682,Teresa Brewer
1683,Electronica Industrial
1684,Metal:Black
1685,BGG
1686,House Chilled
1687,Piano / Modern Classical
1688,Blues Ladies
1689,Technical/Brutal Death Metal
1690,boogie woogie
1691,Dance/Party
1692,Greek-Hip-Hop/Rap
1693,Folk Jazz
1694,Free Jazz; Free Improvisation
1695,Rock italiano
1696,World/Zouk
1697,Abstract, Experimental, Ambient
1698,Rock: Avantgarde
1699,Club / House
1700,Sound Clip
1701,Tango Progressive
1702,M. Jazz
1703,World - Italian
1704,Pop/house
1705,R&B Instrumental
1706,Heavy/Power Metal
1707,Rock alternativo
1708,Cantautores
1709,Bbbbbb
1710,Alternative-Indie
1711,Yacht Rock
1712,Greek Hip Hop/Progressive
1713,Chill Out Down Tempo
1714,Pop; Pop Rock; Drum And Bass
1715,French Pop Listening
1716,20th C. Composers
1717,Manchester
1718,techno,minimal,tech house,alm
1719,Screemo
1720,Soca & Calypso
1721,kissatlanta.com recommends
1723,Glitch, Experimental
1722,Turkce
1724,Christmas/Holiday Music
1725,Mediterranean Folk
1726,Afro-World
1727,Latin Alternative
1728,MPB 80's
1729,sarah
1731,Future Jazz/Downtempo
1730,Depressive Black Metal
1732,Neue Deutsche Welle
1733,Sufi West
1734,Electro house/electroclash
1735,Universal records
1736,Hip Hop Nu Metal Rap
1737,Male Vocalist
1738,Rap, Memphis
1739,Psytrance-Albums
1740,Lullabye
1741,Hip-Hop/Instrumental
1742,Women - Reggae
1743,Funk-Rock, Soul
1744,Acid Techno
1745,Prog-Eclectic
1746,Welsh
1747,Club-Hop
1748,Europe - France
1749,Cock Rock Disco
1750,1920's
1751,Rock Pop Latino
1752,90's Club
1753,Latina/Lat
1754,Steampunk
1755,Guitar Virtuoso, Rock, Blues-Rock/British Blues/Rock & Roll
1756,Techno Dance
1757,20's Dancehall
1758,Andean
1759,Ireland
1760,Dark Folk
1761,CARNABY
1762,Latin Lounge
1763,Baladas Y Boleros
1764,Psychadelic/Trance
1765,New Rave
1766,Blues/Slow Beat
1767,French Rap
1768,Soul/80s Mellow
1769,Hard bop
1770,Tango / Candombe
1771,Gothic-Rock; Gothic
1772,House/Ny
1773,Thrash Metal / Hardcore
1774,Dominican Republic
1775,R b
1776,Punk / KBD
1777,Greek Dinner New
1778,Blues (Louisiana)
1779,Alternative and Latin Rock
1780,Hardcore/Hardcore
1781,Drone Folk/Experimental Folk/Free Folk/Lo-Fi
1782,Psy trance Goa 2004
1783,Folk pugliese
1784,Electronic Fusion House
1785,Early Jazz
1786,English Roots
1787,Blues; Boogie Woogie; Piano
1788,80s Soul/Funk
1789,Zouk love
1790,Magyar
1791,Dance Trance House
1792,World-Brasilian/Bahia Medium Beat
1793,Rock, Indie | Noise Pop
1794,Nu Funk
1795,Hymns & Spirituals
1796,Classic 60's Rock & Roll
1797,Blues Piano
1798,West Coast hip hop
1799,R&B/00s
1800,Latin Chill
1801,Rock/Southern
1802,Uplifting trance
1803,jazz; experimental
1804,türkish
1805,Xmas Songs
1806,Cha Cha Cha
1807,Apocalyptic Folk
1808,Non-Metal
1809,Spanish Indie
1810,Jugole
1811,Indian Film Pop
1812,Deutsche welle
1813,Pop Latino, Adult Contemporary
1814,Indiepop/London
1815,Death/Grind Metal
1816,Hip-Hop [East Coast / Throwback]
1817,Bemani
1818,Ass
1819,Traditional - Ensemble
1820,Rock Instrumental
1822,Congo Local
1821,Baseball
1823,Karaoke
1824,Alternative/Indie Rock/Post Rock/Indie Pop/Industrial
1825,Ranchera/Mariachi/Latin
1827,Port - Pop Rock
1826,Blues, Chicago
1828,Gym
1829,Medley
1830,World; Africa
1831,A Capella Pop
1832,Kleinkunst
1833,.217c
1834,Opera & Vocal
1835,Alternative Musik
1836,RETRO - SLÄNG EJ 4
1837,Leftfield, IDM, Electro
1839,Darkcore
1838,electro,techno,electroclash
1840,Remix Service
1841,Pop/Chanson
1842,washout
1843,Cuban Music
1844,Brit Pop (Modern)
1845,Cd
1846,Ska/Raggae
1847,Baltimore Club
1848,General Post-Punk
1849,F
1850,Folk / Punk
1851,Relax
1852,You Decide
1853,Ambient Neoclassical
1854,House/Minimal
1855,Duranguense
1856,Cajun Music
1857,Soca & Soukous
1858,Soulful / Disco / Funky House / Deep House
1859,70's / Disco
1860,Bolero Son
1861,Prewar Country Blues
1862,Indy-Pop
1863,Ambient/Avant Garde/Early Electronic/Industrial
1864,Portuguese Rock
1865,Original Post-Punk
1866,(C) Club
1867,Footwurk
1868,Gothic Industrial Metal
1870,Post/Hardcore
1869,Latin (Colombia)
1871,MT SPEED
1872,Electro Soul
1873,Jazz-Piano
1874,Metal / Hardcore / Christian
1875,Rockabilly / Swing
1876,New prog
1877,Chill; Psy; World
1879,Rock AR
1878,( G )
1880,The Silent Ballet
1881,Emocore, screamo
1882,Folk/Filk/Urban Folk
1883,BOLERO ECUATORIANO
1884,Dance Noize
1885,Meditation/Yoga
1886,1 Hip Hop
1887,Rock, Girl Group
1888,Alternative & Punk > General Punk
1889,NLhiphop
1890,VA
1891,Latin Hip Hop
1892,Romanian
1893,80s ReMix
1894,Psychedelic/ Desert Rock
1895,Indie alternative
1896,Latin, Grupero
1897,Local Jamz
1898,Folk; Atmospheric; World; Medieval
1899,Noisy
1900,Drunk Punk
1901,Dance Dubstep
1902,Contemporary Gospel
1903,Proto Punk
1904,Morna
1905,Acid House, Techno, Electro, Acid
1906,Italia Contemporary
1907,nova
1908,Cristianas esp
1909,Lounge, Ambient, New Age, Relaxation
1910,Classiques - Chansons Pop
1911,Uncategorized Genre
1912,Progressive + Deep & Tech House + Breaks + Techno + Downbeat
1913,Italian Chanson
1914,Electronic|Detroit
1915,Pop;chanson française
1916,Balkan, Dance
1917,Classical¡j
1918,POP BORICUA
1919,Música Tipica
1921,Shoegaze UK
1920,Underground
1922,jazz house
1923,Renaissance
1924,Texas/Alt Country
1925,Anni 80
1926,070*BPM
1927,Downtempo - Dub
1928,Electronic and space music
1929,Classic Mambo, Cha-Cha-Cha & Danzón
1930,Boy Band
1931,Folk - 50's, 60's & 70's
1932,Classic Punk
1933,Alternative/New Rave
1934,Folk-Blues
1935,Funky/Club House
1936,Music Hall
1937,Рок
1938,Cubana
1939,Belly Dance
1940,F Com
1941,MT HM UK
1942,Dance-R&B
1943,Hindi
1944,Speed Garage
1945,Indie~Indie Rock
1946,Deutsch Rock (Ost)
1947,Rock / Pop, Adult Alternative
1948,Ceske
1949,Goth/Industrial/Dark
1950,Cuba Son
1951,empty
1952,electronic Soundscapes
1953,Jazz/Big Band
1954,Hindi Playback
1955,ÎèÇú¡¾Dance Melody¡¿, ±±ÃÀÁ÷ÐÐÒôÀÖ¡¾North American Pop Music¡¿, ½Ú×à²¼Â³Ë¹¡¾R&B¡¿
1956,MinimalElectro
1957,My Chemical Romance
1958,Alternative 1980s
1960,Llanera
1959,Western Pop
1961,Rock, Punk Rock
1962,Romantico
1963,High Bitrate
1964,Traditional Africa
1965,Uncategorized
1966,Yu Pop Rock
1967,Sombient
1968,Alt-Indie
1969,Gothic Pop
1970,Dark & Trippy Psy
1971,Classical Choral
1972,Country/Blues/R&B
1973,skandinavisk rap
1974,Electronica/Brazil
1975,DanzoneS
1976,Bollywood Soundtrack
1977,Folklore Uruguayo
1979,CD 1
1978,Màààster
1980,Harvest
1981,African Traditional
1982,Jazz, Funk, Electronic
1983,Tropicalia
1984,Sertaneja
1985,Tech Trance
1986,Spanish rock
1987,Choral - Christmas
1988,French Electronica Jazz
1989,Duplicates
1990,Mediterránea
1991,Rock; Post; Instrumental
1992,Acid Jazz; Soul; Funk
1993,Mexican popular
1994,Country / Holiday / Christmas
1995,Swing Jazz
1996,Jangly Alt Guitar Pop
1997,Blues, Gospel
1998,Holiday - Christmas
1999,Dance 90's
2000,Scumpunk
2001,Cuban Son
2002,Nashville Rap
2003,Weltmusik
2004,British Dub
2005,Pop Rock/Rock
2006,Lulaby
2007,Minimal Wave
2008,Breakbeat, Techno, Trip Hop, Acid
2009,Corridos y Banda
2010,Smooth Jazz Instrumental
2011,Techno Dub
2012,Progressive Dance
2013,DSBP
2014,Afro-pop
2015,Japan
2016,Ohio
2017,Rock // Alternative // Indie // garage revival
2018,Brass
2019,JazZz
2020,Children's::Other Children's
2021,Electro Funk
2022,Soul - Groove
2023,Jive/Swing
2024,Portugal
2025,Turkce Rap
2026,Du Monde, générale
2027,Idol Pop Vocals
2028,Trance-Fusion
2029,128*BPM
2030,Vocal, Easy-Listening
2031,Dance (R & B)
2032,Salsa and Tropical
2033,Disco Dance Classics
2034,Crossover Thrash Metal
2035,Rap , Jazz , Soul
2036,Guitar Acoustic
2037,variado
2038,Old Timey Country/Traditional Bluegrass
2039,World::Flamenco/Gypsy
2040,Vintage Christmas
2041,Hip Hop and R&B
2042,Avante-Garde
2043,Chicago Modern
2044,Cape Verdean
2045,Canadian
2046,NuYu Hip Hop
2048,Indo
2047,Jive
2049,Sports Themes
2050,Alt/Rock N-R
2051,Klezmer & European Jewish
2052,Pagan Lounge
2053,Review
2054,Dance Mashups
2055,Dance/Club/Latin
2056,Fingerstyle
2057,Samba Rock
2058,Shitmat
2059,Soul and RandB
2060,Ragga
2061,Latin Vocals
2062,Industrial Black Metal
2064,Flamenqueo
2063,Pops & Nostalgia
2065,Tejano Class
2066,Classic Goth
2067,Croatian Pop
2068,Downtempo/Electronic
2069,Ballade
2070,Nacional Reggae
2071,Italian singer-songwriters
2072,Reggae/Soca
2073,Rock/Hard Rock
2074,122*BPM
2075,Indi Pop/Bhangra/Remix
2076,Sudamericana
2077,Rednex
2078,Oldies - 40's - 50's
2079,Ranchera/Latina
2080,Classic Indian Film Music
2081,Soulful, House
2083,General Easy Listeni
2082,female fronted metal
2084,Radio
2085,Cantautore
2086,Voices: Nana Mouskouri
2087,Electronica Dance Pop
2088,Swamp
2089,Steppin
2090,Psychedelic/Space  Rock
2091,ElectroTech Breaks
2092,Deeper House and IDM
2094,642
2095,House/Electronica
2093,Neo-progressive rock
2096,Bulgarian
2097,Folk-Celtic
2098,Light Classics - Vocal
2099,New Age/Rock
2100,Türkçe Rock
2101,Latine
2102,female
2103,Brazilian rock
2104,Eclectic - strange
2105,Radio Classic
2106,Pop; Ballads
2107,Hip-Hop/Jazz Fusion
2108,Classical Compilations
2109,Hip-Hop Latino
2110,Euro Club Dance House Techno
2111,Prog-Power Metal
2112,Brasil/Bossa_Samba
2113,Breakbeat/Breaks
2114,I Love Women
2115,Duits
2116,Sludge Metal
2117,Rock; Prog; Art-Symphonic
2118,British Folk
2119,Pop Geral
2120,09/29/07
2121,Swedish Pop
2122,Electronica and dance
2123,Progressive/Breaks
2124,breaks tech breakdowns warm to build
2125,Prog tech
2127,Elektronisch
2128,Infracom
2126,New Genre of Metal
2129,Hip Hop / Funk
2130,Contemporary Christian Classic
2131,Madchester
2132,Urban Blues
2133,Folk; Swing
2134,Party Thrash
2135,Waltz
2136,Hip-Hop 12"
2137,Alt & indie rock
2138,RDMY ROTATION
2139,Acoustic/Indie
2140,Nu Soul
2141,1920's/Jazz
2142,Latin - Salsa - Cha-Cha-Boogaloo-Bolero
2143,Alter-Emo-Pop-Indie-Britpop-New Wave
2145,Children's::Folk
2144,Bosnian Rock
2146,Christmas Music1
2147,Psy-Harmonics
2148,JAZZ: Smooth Jazz
2149,Czech Folk
2150,Prog-Neo
2151,Traditional U.S. Folk
2152,Western
2153,Jazz Classic
2154,Others
2155,Dance; Techno; Vocal Trance; Eurodance
2156,Soul/R&B::Classic Soul/R&B
2157,Contemporary Classical / Ambient
2158,Progressive Big Band
2159,Country/Gospel
2160,Pop/Rock en Español
2161,Wedding/Dance
2162,R&B/Slow
2163,Stage & Screen
2164,Neo-Psychedelia | Indie Pop
2165,Down South
2166,Prog-RIO/Avant
2167,World: Greek
2169,Contemporary R&B Crossover Jazz Jazz Jazz Collections Jazz-Rap Pop Smooth Jazz V/a Compilations
2168,Tribal
2170,Indie / Post-Hardcore / Experimental / Progressive / Punk
2171,Rock acoustic
2172,Jazz; Swing; Easy Listening; Jazz Vocal
2174,Obscuro
2173,Dance Mix
2175,French Music
2176,underground flow
2177,ÁíÀàÒ¡’ö¡≤Alternative¡¿
2178,Gipsy Jazz
2179,Hollands
2180,Krautrock, Jazz-Rock/Fusion
2181,Alternative; Gothic
2182,General Christian Rock
2183,David
2184,Disco / House
2185,ELECTRONICA - SLÄNG EJ 4
2186,JJJ
2187,Hard Uplifting Trance
2188,Black / Thrash Metal
2189,Latina Rock
2190,Punk Poetry
2191,!Hol-Xmas!
2192,Elektronika Og Dance
2193,Flamenqueo A
2194,Bosnian
2195,Altro
2196,R&B/Doo-Wop
2197,Afro- Traditional
2198,Alternative Metal/Other
2199,Brasilian Rock
2200,Soul Oldies
2201,Italia Rock
2202,Wordsound
2203,Relaxation
2204,Tejano/Norteño
2205,Satire
2206,Recopilatorio
2207,New Zealand/Indiepop
2208,Riot Grrrl
2209,Disco & Soul & 70's
2210,Instrumental/Organ
2211,Electro-acoustic / Ambient
2212,Hip Hop Italiano
2213,Turk
2214,Bossa
2215,Canzone
2216,British
2217,Broadway, Soundtracks & Musicals / Classical
2218,Surf+Vocals
2219,Ðîêàá³ë³
2220,Show Related: Composer/Lyricist Collection
2221,Minimal Experimental Techno Deep House
2222,Dance/Electro/House
2223,Jangle Pop
2224,CashMoneyRap
2225,Nostalgia
2226,Cordless Recordings
2227,Folk/Pagan
2228,Christian Metal
2229,R&B / Reggae
2230,Okänt
2231,Chillout/Beats/Eletronica
2232,Viihdemusiikki
2233,Folk Roots
2234,Virgilio Carmona
2235,Electronic, Adult Contemporary, World
2236,World::Celtic::New Celtic Traditional
2237,Alternativní Hudba
2238,Rock, Pop, Folk & Such Like (Solo)
2239,Reggea
2240,Fidget House
2241,Radio Nova
2242,Jazz-Soul
2243,Merengue Bachata
2244,House 2008
2245,1940's
2246,Downtempo, Deep House, Folk
2247,Galicia
2248,Brazil/Progressive/Traditional
2249,Hip-House - Latin Dance
2250,General Classic Soul
2251,Sarah/Twee Pop
2252,Mexican Regional
2253,Dark Psychedelic Trance
2254,Deutsche Schlager
2255,Folk, Avant
2256,Classicas Del Pasado
2257,National Music
2258,Meditation/Relaxation
2259,Acid Jazz/House
2260,Mexican -Ranchera
2261,Vintage R n R
2262,Screamo/Hip Hop
2263,Celtic Pop
2264,Nightshifters
2265,JAPANESE SAMBA CHILL
2266,Songwriters
2267,RnB/Swing
2268,Hardpunk
2269,Italian Romantic
2270,Track It Down
2271,European
2272,Country and western
2273,Japanese Traditional
2274,Rock-Indie USA
2275,Côte d'Ivoire Coupé Décalé
2276,Historical
2278,R&B Contemporary
2277,Soul Blues
2279,Ambient Mix
2280,Progressive Melodic Death Metal
2281,*ITA 1970
2282,Funkymix
2283,Gypsy Punk
2284,Electrónica house
2285,Hardcore | Metalcore
2286,Minimal-Techno-House
2287,Fuckin' Punk
2288,4 Downtempo
2289,Plancha
2290,M-Pop
2291,Techno Trance Dance
2292,nelectro, idm, dark electro
2293,Screwed
2294,D-BEAT
2295,Pop Punk / Post Hardcore / Experimental
2296,RnBBlack
2297,ProgHouse
2298,Funk/Soul/R&B/Blues
2299,European Traditional
2300,Italian Symphonic Prog
2301,Fast Fusion
2302,HASH(0x962bf40)
2303,Laptop Rock
2304,Genres
2305,Antillaise
2306,Brass & Military
2307,Dance/Israeli
2308,World (Mexico)
2309,Jewish & Yiddish
2310,Teen Boy Band
2311,Electronica, Disco, Downtempo & House
2312,Mariachi Latin
2313,Jazz: Ragtime, Dixieland & Trad(itional)
2314,Northwest Rock
2315,Dansk Pop
2316,Desconhecido
2317,Belgian Oldskool
2318,Pop/80S
2319,British Pop and Indie Sound
2320,07/01/07
2321,Easy Listening Traditional Pop Vocal Jazz Vocal Pop
2322,Golden Oldies
2324,guaracha
2323,Celtic Soul
2325,Soundtrack - Television
2326,Afro- Modern
2327,Latina/Trop
2328,R&R - 50's - Easy Listening
2329,Dance Classic
2330,Blues/Swing
2331,Folk y tradicional latina
2332,Definitive Jux
2333,Música Brasileira
2334,Polska
2335,Rock: Bootleg
2336,5-Special
2337,Hardcore/Screamo
2338,Psychobilly From Mars
2339,MOS etc
2340,Alternative Rock, Grunge
2341,World::Italian
2342,Electronica-Jungle
2343,80s Alternative
2344,Ghazal
2345,Experimental, Rock, Psychedelia, Electronic
2346,Jazz Brazilian
2347,Smooth Steppins
2348,Prog Hop
2349,Acoustic Awesome
2350,059*BPM
2351,Italiana - Napoletana
2352,Groove
2353,Alt Punk
2354,Ebm; Synthpop
2355,Ethnic/Zouk
2356,Noise Pop
2357,World - Mexican
2358,Punk Crust
2359,Mbaqanga
2360,Post-Punk Pop
2361,Christian Childrens
2362,Jazz/World
2363,Napolitano
2364,Electronica; Atmospheric
2366,Industrial/Darkwave
2365,Old School Rap/Hip-Hop
2367,Heavy Prog
2368,CONTINENTAL
2369,Gospel Pop
2370,Broken Beat / Nu Jazz / Future Jazz
2371,Ambient metal
2372,Children's::Party
2373,EDM/Other
2374,Indie/Jazz
2375,A Capella/Pop
2376,Rap/Metal
